medication_id,medication_name,drug_class
MED001,Medication_001,Other
MED002,Medication_002,Antidiabetic
MED003,Medication_003,Antidiabetic
MED004,Medication_004,Other
MED005,Medication_005,Bronchodilator
MED006,Medication_006,Statin
MED007,Medication_007,Antiepileptic
MED008,Medication_008,Anticoagulant
MED009,Medication_009,Antidiabetic
MED010,Medication_010,Antiepileptic
MED011,Medication_011,Antibiotic
MED012,Medication_012,Bronchodilator
MED013,Medication_013,Other
MED014,Medication_014,Other
MED015,Medication_015,Anticoagulant
MED016,Medication_016,Corticosteroid
MED017,Medication_017,Antidepressant
MED018,Medication_018,Statin
MED019,Medication_019,Antidiabetic
MED020,Medication_020,Anticoagulant
MED021,Medication_021,Antidepressant
MED022,Medication_022,Other
MED023,Medication_023,Antihypertensive
MED024,Medication_024,Antiepileptic
MED025,Medication_025,Chemotherapy
MED026,Medication_026,Other
MED027,Medication_027,Statin
MED028,Medication_028,Antidiabetic
MED029,Medication_029,Analgesic
MED030,Medication_030,Chemotherapy
MED031,Medication_031,Chemotherapy
MED032,Medication_032,Antidepressant
MED033,Medication_033,Antidiabetic
MED034,Medication_034,Antidiabetic
MED035,Medication_035,Statin
MED036,Medication_036,Antidepressant
MED037,Medication_037,Antihypertensive
MED038,Medication_038,Antiepileptic
MED039,Medication_039,Bronchodilator
MED040,Medication_040,Antihypertensive
MED041,Medication_041,Antidiabetic
MED042,Medication_042,Statin
MED043,Medication_043,Antiepileptic
MED044,Medication_044,Corticosteroid
MED045,Medication_045,Statin
MED046,Medication_046,Analgesic
MED047,Medication_047,Other
MED048,Medication_048,Statin
MED049,Medication_049,Analgesic
MED050,Medication_050,Statin
MED051,Medication_051,Antihypertensive
MED052,Medication_052,Analgesic
MED053,Medication_053,Bronchodilator
MED054,Medication_054,Other
MED055,Medication_055,Antiepileptic
MED056,Medication_056,Corticosteroid
MED057,Medication_057,Bronchodilator
MED058,Medication_058,Antidiabetic
MED059,Medication_059,Anticoagulant
MED060,Medication_060,Other
MED061,Medication_061,Antihypertensive
MED062,Medication_062,Chemotherapy
MED063,Medication_063,Antiepileptic
MED064,Medication_064,Analgesic
MED065,Medication_065,Corticosteroid
MED066,Medication_066,Chemotherapy
MED067,Medication_067,Antihypertensive
MED068,Medication_068,Antidiabetic
MED069,Medication_069,Antidepressant
MED070,Medication_070,Other
MED071,Medication_071,Antihypertensive
MED072,Medication_072,Antidepressant
MED073,Medication_073,Antidiabetic
MED074,Medication_074,Antidepressant
MED075,Medication_075,Antidepressant
MED076,Medication_076,Antidiabetic
MED077,Medication_077,Antiepileptic
MED078,Medication_078,Chemotherapy
MED079,Medication_079,Chemotherapy
MED080,Medication_080,Antihypertensive
MED081,Medication_081,Antibiotic
MED082,Medication_082,Antibiotic
MED083,Medication_083,Statin
MED084,Medication_084,Antidiabetic
MED085,Medication_085,Chemotherapy
MED086,Medication_086,Corticosteroid
MED087,Medication_087,Corticosteroid
MED088,Medication_088,Antibiotic
MED089,Medication_089,Antihypertensive
MED090,Medication_090,Chemotherapy
MED091,Medication_091,Analgesic
MED092,Medication_092,Antidepressant
MED093,Medication_093,Chemotherapy
MED094,Medication_094,Antihypertensive
MED095,Medication_095,Antihypertensive
MED096,Medication_096,Antihypertensive
MED097,Medication_097,Antidiabetic
MED098,Medication_098,Antihypertensive
MED099,Medication_099,Corticosteroid
MED100,Medication_100,Antidepressant
