physician_id,physician_name,specialty,department,years_experience
D0001,Dr. Physician_0001,Cardiology,Medicine,4
D0002,Dr. Physician_0002,General Surgery,Surgery,23
D0003,Dr. Physician_0003,Orthopedics,Medicine,34
D0004,Dr. Physician_0004,Neurology,Medicine,31
D0005,Dr. Physician_0005,Neurology,Cardiology,10
D0006,Dr. Physician_0006,Pediatrics,Emergency,16
D0007,Dr. Physician_0007,Cardiology,Oncology,19
D0008,Dr. Physician_0008,Orthopedics,Emergency,9
D0009,Dr. Physician_0009,Emergency Medicine,Medicine,10
D0010,Dr. Physician_0010,Cardiology,Cardiology,9
D0011,Dr. Physician_0011,Pulmonology,Oncology,35
D0012,Dr. Physician_0012,Endocrinology,Medicine,27
D0013,Dr. Physician_0013,General Surgery,Medicine,30
D0014,Dr. Physician_0014,General Surgery,Outpatient,29
D0015,Dr. Physician_0015,General Surgery,Outpatient,34
D0016,Dr. Physician_0016,General Surgery,Cardiology,4
D0017,Dr. Physician_0017,Pulmonology,Surgery,31
D0018,Dr. Physician_0018,Internal Medicine,Surgery,3
D0019,Dr. Physician_0019,Pediatrics,Cardiology,17
D0020,Dr. Physician_0020,Neurology,Cardiology,21
D0021,Dr. Physician_0021,Pulmonology,Medicine,13
D0022,Dr. Physician_0022,Oncology,Emergency,6
D0023,Dr. Physician_0023,Internal Medicine,Emergency,7
D0024,Dr. Physician_0024,Endocrinology,Outpatient,29
D0025,Dr. Physician_0025,General Surgery,Surgery,12
D0026,Dr. Physician_0026,Orthopedics,Surgery,11
D0027,Dr. Physician_0027,Neurology,Surgery,33
D0028,Dr. Physician_0028,Pediatrics,Oncology,6
D0029,Dr. Physician_0029,Pulmonology,Emergency,33
D0030,Dr. Physician_0030,Neurology,Emergency,33
D0031,Dr. Physician_0031,Neurology,Medicine,21
D0032,Dr. Physician_0032,Emergency Medicine,Surgery,6
D0033,Dr. Physician_0033,Cardiology,Oncology,6
D0034,Dr. Physician_0034,Pulmonology,Surgery,10
D0035,Dr. Physician_0035,Pediatrics,Surgery,21
D0036,Dr. Physician_0036,Cardiology,Outpatient,6
D0037,Dr. Physician_0037,Pediatrics,Emergency,16
D0038,Dr. Physician_0038,Pediatrics,Cardiology,5
D0039,Dr. Physician_0039,Emergency Medicine,Cardiology,19
D0040,Dr. Physician_0040,Orthopedics,Surgery,1
D0041,Dr. Physician_0041,Internal Medicine,Oncology,25
D0042,Dr. Physician_0042,General Surgery,Medicine,2
D0043,Dr. Physician_0043,General Surgery,Outpatient,7
D0044,Dr. Physician_0044,Oncology,Medicine,7
D0045,Dr. Physician_0045,Cardiology,Cardiology,30
D0046,Dr. Physician_0046,Endocrinology,Cardiology,2
D0047,Dr. Physician_0047,Neurology,Outpatient,16
D0048,Dr. Physician_0048,Pediatrics,Surgery,21
D0049,Dr. Physician_0049,Orthopedics,Medicine,19
D0050,Dr. Physician_0050,General Surgery,Emergency,24
D0051,Dr. Physician_0051,General Surgery,Surgery,29
D0052,Dr. Physician_0052,Internal Medicine,Oncology,14
D0053,Dr. Physician_0053,Oncology,Emergency,29
D0054,Dr. Physician_0054,Neurology,Outpatient,12
D0055,Dr. Physician_0055,Neurology,Cardiology,35
D0056,Dr. Physician_0056,Cardiology,Emergency,18
D0057,Dr. Physician_0057,Pulmonology,Medicine,26
D0058,Dr. Physician_0058,Internal Medicine,Cardiology,31
D0059,Dr. Physician_0059,General Surgery,Medicine,28
D0060,Dr. Physician_0060,Orthopedics,Emergency,30
D0061,Dr. Physician_0061,Endocrinology,Cardiology,19
D0062,Dr. Physician_0062,General Surgery,Oncology,2
D0063,Dr. Physician_0063,Oncology,Emergency,18
D0064,Dr. Physician_0064,Endocrinology,Medicine,7
D0065,Dr. Physician_0065,Neurology,Medicine,32
D0066,Dr. Physician_0066,Oncology,Cardiology,9
D0067,Dr. Physician_0067,Endocrinology,Oncology,8
D0068,Dr. Physician_0068,Oncology,Oncology,9
D0069,Dr. Physician_0069,Cardiology,Outpatient,23
D0070,Dr. Physician_0070,Neurology,Oncology,20
D0071,Dr. Physician_0071,General Surgery,Medicine,34
D0072,Dr. Physician_0072,Internal Medicine,Emergency,15
D0073,Dr. Physician_0073,Neurology,Cardiology,10
D0074,Dr. Physician_0074,Internal Medicine,Outpatient,2
D0075,Dr. Physician_0075,Orthopedics,Outpatient,1
D0076,Dr. Physician_0076,Neurology,Medicine,14
D0077,Dr. Physician_0077,Oncology,Medicine,33
D0078,Dr. Physician_0078,Emergency Medicine,Emergency,19
D0079,Dr. Physician_0079,Pulmonology,Emergency,32
D0080,Dr. Physician_0080,Orthopedics,Cardiology,4
D0081,Dr. Physician_0081,Endocrinology,Cardiology,4
D0082,Dr. Physician_0082,Neurology,Surgery,30
D0083,Dr. Physician_0083,Internal Medicine,Medicine,4
D0084,Dr. Physician_0084,Pediatrics,Oncology,2
D0085,Dr. Physician_0085,Orthopedics,Surgery,15
D0086,Dr. Physician_0086,General Surgery,Oncology,33
D0087,Dr. Physician_0087,Cardiology,Outpatient,25
D0088,Dr. Physician_0088,Oncology,Medicine,4
D0089,Dr. Physician_0089,General Surgery,Medicine,30
D0090,Dr. Physician_0090,Pediatrics,Outpatient,30
D0091,Dr. Physician_0091,Neurology,Cardiology,29
D0092,Dr. Physician_0092,Pediatrics,Medicine,32
D0093,Dr. Physician_0093,Pediatrics,Cardiology,9
D0094,Dr. Physician_0094,Oncology,Cardiology,35
D0095,Dr. Physician_0095,Pediatrics,Outpatient,12
D0096,Dr. Physician_0096,Emergency Medicine,Medicine,29
D0097,Dr. Physician_0097,Emergency Medicine,Outpatient,21
D0098,Dr. Physician_0098,Orthopedics,Outpatient,28
D0099,Dr. Physician_0099,Orthopedics,Medicine,22
D0100,Dr. Physician_0100,Internal Medicine,Emergency,23
D0101,Dr. Physician_0101,Pediatrics,Cardiology,22
D0102,Dr. Physician_0102,Internal Medicine,Emergency,28
D0103,Dr. Physician_0103,Pediatrics,Medicine,26
D0104,Dr. Physician_0104,Cardiology,Surgery,5
D0105,Dr. Physician_0105,General Surgery,Outpatient,29
D0106,Dr. Physician_0106,General Surgery,Outpatient,19
D0107,Dr. Physician_0107,General Surgery,Emergency,12
D0108,Dr. Physician_0108,Orthopedics,Outpatient,18
D0109,Dr. Physician_0109,Neurology,Emergency,34
D0110,Dr. Physician_0110,General Surgery,Oncology,31
D0111,Dr. Physician_0111,Emergency Medicine,Outpatient,30
D0112,Dr. Physician_0112,General Surgery,Outpatient,17
D0113,Dr. Physician_0113,Pulmonology,Medicine,28
D0114,Dr. Physician_0114,Neurology,Outpatient,14
D0115,Dr. Physician_0115,Pulmonology,Emergency,25
D0116,Dr. Physician_0116,Pulmonology,Cardiology,23
D0117,Dr. Physician_0117,Cardiology,Surgery,9
D0118,Dr. Physician_0118,Internal Medicine,Medicine,10
D0119,Dr. Physician_0119,Emergency Medicine,Emergency,3
D0120,Dr. Physician_0120,Internal Medicine,Oncology,5
D0121,Dr. Physician_0121,Neurology,Surgery,16
D0122,Dr. Physician_0122,Orthopedics,Cardiology,17
D0123,Dr. Physician_0123,Orthopedics,Surgery,6
D0124,Dr. Physician_0124,Neurology,Surgery,15
D0125,Dr. Physician_0125,Pediatrics,Outpatient,22
D0126,Dr. Physician_0126,Pulmonology,Emergency,9
D0127,Dr. Physician_0127,Cardiology,Oncology,12
D0128,Dr. Physician_0128,General Surgery,Oncology,13
D0129,Dr. Physician_0129,Pulmonology,Surgery,18
D0130,Dr. Physician_0130,Orthopedics,Medicine,13
D0131,Dr. Physician_0131,Pulmonology,Emergency,26
D0132,Dr. Physician_0132,Pulmonology,Outpatient,12
D0133,Dr. Physician_0133,Cardiology,Outpatient,16
D0134,Dr. Physician_0134,Pulmonology,Medicine,14
D0135,Dr. Physician_0135,General Surgery,Emergency,7
D0136,Dr. Physician_0136,Oncology,Emergency,25
D0137,Dr. Physician_0137,Orthopedics,Emergency,9
D0138,Dr. Physician_0138,Cardiology,Oncology,11
D0139,Dr. Physician_0139,Oncology,Outpatient,28
D0140,Dr. Physician_0140,Neurology,Emergency,34
D0141,Dr. Physician_0141,Endocrinology,Oncology,24
D0142,Dr. Physician_0142,Emergency Medicine,Medicine,33
D0143,Dr. Physician_0143,Emergency Medicine,Surgery,30
D0144,Dr. Physician_0144,Neurology,Cardiology,17
D0145,Dr. Physician_0145,Endocrinology,Oncology,27
D0146,Dr. Physician_0146,Pediatrics,Outpatient,12
D0147,Dr. Physician_0147,Cardiology,Emergency,17
D0148,Dr. Physician_0148,Emergency Medicine,Medicine,19
D0149,Dr. Physician_0149,Pediatrics,Medicine,34
D0150,Dr. Physician_0150,Cardiology,Medicine,30
D0151,Dr. Physician_0151,Pediatrics,Outpatient,18
D0152,Dr. Physician_0152,Emergency Medicine,Oncology,23
D0153,Dr. Physician_0153,Endocrinology,Medicine,8
D0154,Dr. Physician_0154,Emergency Medicine,Outpatient,29
D0155,Dr. Physician_0155,Neurology,Surgery,20
D0156,Dr. Physician_0156,Orthopedics,Cardiology,19
D0157,Dr. Physician_0157,Internal Medicine,Surgery,27
D0158,Dr. Physician_0158,Pulmonology,Emergency,23
D0159,Dr. Physician_0159,Pulmonology,Outpatient,3
D0160,Dr. Physician_0160,General Surgery,Emergency,11
D0161,Dr. Physician_0161,Endocrinology,Medicine,7
D0162,Dr. Physician_0162,Orthopedics,Medicine,26
D0163,Dr. Physician_0163,Neurology,Medicine,2
D0164,Dr. Physician_0164,Neurology,Emergency,8
D0165,Dr. Physician_0165,Neurology,Emergency,21
D0166,Dr. Physician_0166,Pediatrics,Oncology,25
D0167,Dr. Physician_0167,Oncology,Outpatient,18
D0168,Dr. Physician_0168,Internal Medicine,Emergency,31
D0169,Dr. Physician_0169,Oncology,Medicine,33
D0170,Dr. Physician_0170,Cardiology,Cardiology,5
D0171,Dr. Physician_0171,Internal Medicine,Outpatient,34
D0172,Dr. Physician_0172,Cardiology,Oncology,22
D0173,Dr. Physician_0173,General Surgery,Oncology,23
D0174,Dr. Physician_0174,General Surgery,Cardiology,4
D0175,Dr. Physician_0175,Orthopedics,Surgery,22
D0176,Dr. Physician_0176,Neurology,Medicine,26
D0177,Dr. Physician_0177,General Surgery,Outpatient,21
D0178,Dr. Physician_0178,Internal Medicine,Oncology,3
D0179,Dr. Physician_0179,Endocrinology,Emergency,19
D0180,Dr. Physician_0180,Pulmonology,Oncology,33
D0181,Dr. Physician_0181,Endocrinology,Emergency,26
D0182,Dr. Physician_0182,Internal Medicine,Oncology,5
D0183,Dr. Physician_0183,Neurology,Oncology,34
D0184,Dr. Physician_0184,Orthopedics,Emergency,34
D0185,Dr. Physician_0185,Neurology,Surgery,6
D0186,Dr. Physician_0186,Neurology,Emergency,29
D0187,Dr. Physician_0187,Internal Medicine,Cardiology,15
D0188,Dr. Physician_0188,Oncology,Outpatient,21
D0189,Dr. Physician_0189,Emergency Medicine,Emergency,16
D0190,Dr. Physician_0190,Oncology,Surgery,28
D0191,Dr. Physician_0191,Orthopedics,Outpatient,35
D0192,Dr. Physician_0192,Orthopedics,Medicine,28
D0193,Dr. Physician_0193,Orthopedics,Emergency,33
D0194,Dr. Physician_0194,Oncology,Surgery,34
D0195,Dr. Physician_0195,Endocrinology,Cardiology,4
D0196,Dr. Physician_0196,Cardiology,Cardiology,9
D0197,Dr. Physician_0197,Oncology,Medicine,26
D0198,Dr. Physician_0198,Internal Medicine,Outpatient,21
D0199,Dr. Physician_0199,Oncology,Cardiology,2
D0200,Dr. Physician_0200,Endocrinology,Medicine,4
D0201,Dr. Physician_0201,Oncology,Outpatient,19
D0202,Dr. Physician_0202,Endocrinology,Outpatient,22
D0203,Dr. Physician_0203,Neurology,Surgery,6
D0204,Dr. Physician_0204,Orthopedics,Emergency,6
D0205,Dr. Physician_0205,Neurology,Cardiology,5
D0206,Dr. Physician_0206,Emergency Medicine,Cardiology,20
D0207,Dr. Physician_0207,General Surgery,Emergency,1
D0208,Dr. Physician_0208,Endocrinology,Cardiology,21
D0209,Dr. Physician_0209,Emergency Medicine,Outpatient,17
D0210,Dr. Physician_0210,General Surgery,Emergency,17
D0211,Dr. Physician_0211,Emergency Medicine,Oncology,24
D0212,Dr. Physician_0212,General Surgery,Emergency,19
D0213,Dr. Physician_0213,General Surgery,Oncology,26
D0214,Dr. Physician_0214,Neurology,Surgery,27
D0215,Dr. Physician_0215,General Surgery,Emergency,33
D0216,Dr. Physician_0216,Emergency Medicine,Outpatient,28
D0217,Dr. Physician_0217,Cardiology,Emergency,19
D0218,Dr. Physician_0218,Cardiology,Cardiology,18
D0219,Dr. Physician_0219,Neurology,Medicine,9
D0220,Dr. Physician_0220,Endocrinology,Outpatient,21
D0221,Dr. Physician_0221,Internal Medicine,Oncology,5
D0222,Dr. Physician_0222,Neurology,Oncology,33
D0223,Dr. Physician_0223,General Surgery,Surgery,30
D0224,Dr. Physician_0224,Emergency Medicine,Surgery,5
D0225,Dr. Physician_0225,General Surgery,Cardiology,28
D0226,Dr. Physician_0226,Oncology,Oncology,5
D0227,Dr. Physician_0227,Pediatrics,Outpatient,26
D0228,Dr. Physician_0228,Pulmonology,Emergency,4
D0229,Dr. Physician_0229,Pulmonology,Cardiology,18
D0230,Dr. Physician_0230,Internal Medicine,Emergency,24
D0231,Dr. Physician_0231,Neurology,Medicine,26
D0232,Dr. Physician_0232,Pediatrics,Oncology,15
D0233,Dr. Physician_0233,Cardiology,Medicine,33
D0234,Dr. Physician_0234,General Surgery,Oncology,28
D0235,Dr. Physician_0235,Neurology,Surgery,8
D0236,Dr. Physician_0236,General Surgery,Medicine,24
D0237,Dr. Physician_0237,Orthopedics,Surgery,26
D0238,Dr. Physician_0238,Neurology,Cardiology,12
D0239,Dr. Physician_0239,Oncology,Oncology,26
D0240,Dr. Physician_0240,Orthopedics,Cardiology,32
D0241,Dr. Physician_0241,Internal Medicine,Outpatient,29
D0242,Dr. Physician_0242,Pulmonology,Outpatient,27
D0243,Dr. Physician_0243,Cardiology,Oncology,23
D0244,Dr. Physician_0244,Orthopedics,Cardiology,10
D0245,Dr. Physician_0245,Orthopedics,Medicine,28
D0246,Dr. Physician_0246,Cardiology,Surgery,13
D0247,Dr. Physician_0247,General Surgery,Emergency,19
D0248,Dr. Physician_0248,Neurology,Surgery,12
D0249,Dr. Physician_0249,General Surgery,Outpatient,11
D0250,Dr. Physician_0250,Cardiology,Surgery,6
